<?xml version="1.0" encoding="UTF-8"?>
<project-private xmlns="http://www.netbeans.org/ns/project-private/1">
    <editor-bookmarks xmlns="http://www.netbeans.org/ns/editor-bookmarks/2" lastBookmarkId="0"/>
    <open-files xmlns="http://www.netbeans.org/ns/projectui-open-files/2">
        <group>
            <file>file:/C:/Users/Window%2010%20Pro/Documents/NetBeansProjects/UAS_NO2_INHERITANCE/src/thanos.java</file>
            <file>file:/C:/Users/Window%2010%20Pro/Documents/NetBeansProjects/UAS_NO2_INHERITANCE/src/villain.java</file>
            <file>file:/C:/Users/Window%2010%20Pro/Documents/NetBeansProjects/UAS_NO2_INHERITANCE/src/ultron.java</file>
            <file>file:/C:/Users/Window%2010%20Pro/Documents/NetBeansProjects/UAS_NO2_INHERITANCE/src/mainvillain.java</file>
            <file>file:/C:/Users/Window%2010%20Pro/Documents/NetBeansProjects/UAS_NO2_INHERITANCE/src/venom.java</file>
        </group>
    </open-files>
</project-private>
