<?xml version="1.0" encoding="UTF-8"?>
<project-private xmlns="http://www.netbeans.org/ns/project-private/1">
    <editor-bookmarks xmlns="http://www.netbeans.org/ns/editor-bookmarks/2" lastBookmarkId="0"/>
    <open-files xmlns="http://www.netbeans.org/ns/projectui-open-files/2">
        <group>
            <file>file:/C:/Users/User/Documents/NetBeansProjects/Program_No5/src/Cat.java</file>
            <file>file:/C:/Users/User/Documents/NetBeansProjects/Program_No5/src/Spider.java</file>
            <file>file:/C:/Users/User/Documents/NetBeansProjects/Program_No5/src/Pet.java</file>
            <file>file:/C:/Users/User/Documents/NetBeansProjects/Program_No5/src/Fish.java</file>
            <file>file:/C:/Users/User/Documents/NetBeansProjects/Program_No5/src/Program.java</file>
        </group>
    </open-files>
</project-private>
